esn,flight_phase,aircraft_type,eng_family,eng_type,eng_install_date,cycles,delta_egt,fuel_flw,oil_temp,egt_divergence_,ps3_divergence,oil_pres,oil_pres_divergence,core_spd,core_spd_divergence,pt2_(fan_inlet_tot_pres),egt_probe_average,computed_air_spd,zps3,eng_number,flight_datetime_c,date,time,flight_cycle,RCL,egt_probe_average_norm,fuel_flw_norm,core_spd_norm,oil_temp_norm,oil_pres_norm,pt2_(fan_inlet_tot_pres)_norm,engtype_LEAP-1A26,engtype_LEAP-1A26E1
ESN1,TAKEOFF,A320neo,LEAP-1A,LEAP-1A26,2023-09-01 23:00:00,2570.0,,8007.0,75.5,1.65,-4.17,103.4,1.5,106.37,-0.085,14.35,908.5375,89.0,513.96,ESN1,2026-04-23 00:48:34,2026-04-23,00:48:34,2581,21,44.98399999999992,5070.98,0.8006000000000029,-10.757999999999996,14.533999999999978,-0.6518000000000015,1,0
ESN1,TAKEOFF,A320neo,LEAP-1A,LEAP-1A26,2023-09-01 23:00:00,2571.0,,7416.0,82.2,1.75,-4.14,107.1,1.75,107.33,-0.155,15.05,919.2875,90.0,479.11,ESN1,2026-04-23 17:58:29,2026-04-23,17:58:29,2582,20,55.73399999999992,4479.98,1.7605999999999966,-4.057999999999993,18.233999999999966,0.0481999999999995,1,0
ESN1,CRUISE,A320neo,LEAP-1A,LEAP-1A26,2023-09-01 23:00:00,2572.0,16.8224,2441.0,93.3,3.3,-1.5,87.0,2.8,100.01,-0.015,5.42,714.6875,270.0,184.87,ESN1,2026-04-23 18:23:50,2026-04-23,18:23:50,2582,20,-11.238109756097517,138.17073170731692,-0.1185365853658311,4.17073170731706,10.163414634146337,0.2965853658536588,1,0
ESN1,TAKEOFF,A320neo,LEAP-1A,LEAP-1A26,2023-09-01 23:00:00,2572.0,,6669.0,69.3,2.2,-3.735,102.0,1.0,103.47,-0.09,14.79,834.7875,92.0,452.31,ESN1,2026-04-24 00:44:28,2026-04-24,00:44:28,2583,19,-28.76600000000008,3732.98,-2.099400000000003,-16.958,13.133999999999972,-0.211800000000002,1,0
ESN1,TAKEOFF,A320neo,LEAP-1A,LEAP-1A26,2023-09-01 23:00:00,2573.0,,6403.0,77.9,2.4,-3.48,105.2,0.05,104.84,-0.055,15.07,858.7,92.0,432.29,ESN1,2026-04-25 00:31:53,2026-04-25,00:31:53,2584,18,-4.853500000000054,3466.98,-0.7293999999999983,-8.35799999999999,16.333999999999975,0.0681999999999991,1,0
ESN1,CRUISE,A320neo,LEAP-1A,LEAP-1A26,2023-09-01 23:00:00,2574.0,14.0607,2342.0,94.0,2.4,-1.39,85.7,2.3,100.06,-0.015,4.93,726.6375,258.0,174.71,ESN1,2026-04-25 01:02:52,2026-04-25,01:02:52,2584,18,0.7118902439025305,39.17073170731692,-0.0685365853658339,4.870731707317063,8.863414634146338,-0.1934146341463414,1,0
ESN1,TAKEOFF,A320neo,LEAP-1A,LEAP-1A26,2023-09-01 23:00:00,2574.0,,6719.0,75.9,2.05,-3.865,98.3,1.35,103.48,-0.085,15.03,833.275,92.0,459.75,ESN1,2026-04-25 05:10:18,2026-04-25,05:10:18,2585,17,-30.27850000000012,3782.98,-2.0893999999999977,-10.35799999999999,9.433999999999967,0.0281999999999982,1,0
ESN1,CRUISE,A320neo,LEAP-1A,LEAP-1A26,2023-09-01 23:00:00,2575.0,16.1688,2295.0,85.0,2.85,-1.42,87.7,1.6,98.83,-0.02,4.8,707.925,260.0,172.51,ESN1,2026-04-25 05:38:01,2026-04-25,05:38:01,2585,17,-18.00060975609756,-7.829268292683082,-1.298536585365838,-4.129268292682937,10.863414634146338,-0.3234146341463413,1,0
ESN1,TAKEOFF,A320neo,LEAP-1A,LEAP-1A26,2023-09-01 23:00:00,2575.0,,7025.0,87.9,1.8,-4.895,96.3,-0.2,106.18,-0.135,14.99,888.5625,95.0,462.75,ESN1,2026-04-25 10:55:50,2026-04-25,10:55:50,2586,16,25.0089999999999,4088.98,0.6106000000000051,1.64200000000001,7.433999999999969,-0.0118000000000009,1,0
ESN1,CRUISE,A320neo,LEAP-1A,LEAP-1A26,2023-09-01 23:00:00,2576.0,17.6645,2251.0,82.4,2.6,-1.42,88.7,1.5,98.58,-0.02,4.7,706.45,251.0,168.32,ESN1,2026-04-25 12:38:31,2026-04-25,12:38:31,2586,16,-19.47560975609747,-51.82926829268308,-1.548536585365838,-6.729268292682932,11.863414634146338,-0.4234146341463409,1,0
ESN1,TAKEOFF,A320neo,LEAP-1A,LEAP-1A26,2023-09-01 23:00:00,2576.0,,6482.0,74.5,1.9,-4.095,96.3,0.9,101.94,-0.155,14.86,805.6625,92.0,451.57,ESN1,2026-04-25 17:50:37,2026-04-25,17:50:37,2587,15,-57.89100000000008,3545.98,-3.629400000000004,-11.757999999999996,7.433999999999969,-0.1418000000000017,1,0
ESN1,TAKEOFF,A320neo,LEAP-1A,LEAP-1A26,2023-09-01 23:00:00,2577.0,,6027.0,82.3,2.15,-3.485,100.3,0.55,104.63,-0.07,14.95,847.425,90.0,412.42,ESN1,2026-04-26 05:38:03,2026-04-26,05:38:03,2588,14,-16.128500000000145,3090.98,-0.9394000000000062,-3.9579999999999984,11.433999999999967,-0.0518000000000018,1,0
ESN1,CRUISE,A320neo,LEAP-1A,LEAP-1A26,2023-09-01 23:00:00,2578.0,13.8229,2085.0,82.2,2.5,-1.31,89.0,2.1,98.28,-0.025,4.56,696.9625,252.0,157.59,ESN1,2026-04-26 08:16:44,2026-04-26,08:16:44,2588,14,-28.963109756097538,-217.82926829268308,-1.848536585365835,-6.929268292682934,12.163414634146337,-0.5634146341463415,1,0
ESN1,TAKEOFF,A320neo,LEAP-1A,LEAP-1A26,2023-09-01 23:00:00,2578.0,,6522.0,85.9,1.15,-5.425,94.3,0.25,104.39,-0.175,15.15,849.7375,88.0,441.94,ESN1,2026-04-26 10:46:07,2026-04-26,10:46:07,2589,13,-13.816000000000145,3585.98,-1.1794000000000011,-0.3579999999999899,5.433999999999969,0.1481999999999992,1,0
ESN1,CRUISE,A320neo,LEAP-1A,LEAP-1A26,2023-09-01 23:00:00,2579.0,21.0621,2193.0,87.0,2.8,-1.33,86.8,2.05,99.18,-0.02,4.37,723.6125,248.0,161.99,ESN1,2026-04-26 12:00:29,2026-04-26,12:00:29,2589,13,-2.3131097560975604,-109.82926829268308,-0.9485365853658294,-2.129268292682937,9.963414634146332,-0.753414634146341,1,0
ESN1,CRUISE,A320neo,LEAP-1A,LEAP-1A26,2023-09-01 23:00:00,2579.0,,632.0,89.6,4.1,-0.295,56.9,1.15,77.34,-0.01,11.31,537.9,231.0,51.85,ESN1,2026-04-26 13:59:06,2026-04-26,13:59:06,2589,13,-188.02560975609757,-1670.829268292683,-22.788536585365836,0.4707317073170571,-19.936585365853663,6.186585365853659,1,0
ESN1,CRUISE,A320neo,LEAP-1A,LEAP-1A26,2023-09-01 23:00:00,2580.0,14.261,2185.0,102.3,3.25,-1.365,83.5,2.35,102.29,-0.015,4.49,771.725,247.0,157.84,ESN1,2026-04-26 16:27:15,2026-04-26,16:27:15,2589,13,45.79939024390251,-117.82926829268308,2.16146341463417,13.17073170731706,6.663414634146335,-0.6334146341463409,1,0
ESN1,CRUISE,A320neo,LEAP-1A,LEAP-1A26,2023-09-01 23:00:00,2580.0,13.4954,2011.0,84.3,2.7,-1.335,87.8,2.25,98.43,-0.02,4.52,695.5875,248.0,152.17,ESN1,2026-04-26 18:32:26,2026-04-26,18:32:26,2589,13,-30.338109756097538,-291.8292682926831,-1.6985365853658294,-4.82926829268294,10.963414634146332,-0.6034146341463416,1,0
ESN1,TAKEOFF,A320neo,LEAP-1A,LEAP-1A26,2023-09-01 23:00:00,2580.0,,6650.0,80.8,1.75,-3.525,96.4,1.05,104.01,-0.095,15.2,842.825,93.0,450.69,ESN1,2026-04-26 20:18:47,2026-04-26,20:18:47,2590,12,-20.728500000000054,3713.98,-1.5593999999999966,-5.457999999999998,7.533999999999978,0.1981999999999981,1,0
ESN1,CRUISE,A320neo,LEAP-1A,LEAP-1A26,2023-09-01 23:00:00,2581.0,15.997,2172.0,84.8,2.65,-1.4,87.7,1.75,98.63,-0.03,4.72,702.625,252.0,163.91,ESN1,2026-04-26 21:23:34,2026-04-26,21:23:34,2590,12,-23.300609756097515,-130.82926829268308,-1.4985365853658408,-4.32926829268294,10.863414634146338,-0.4034146341463414,1,0
ESN1,TAKEOFF,A320neo,LEAP-1A,LEAP-1A26,2023-09-01 23:00:00,2581.0,,6691.0,88.0,3.05,-3.845,95.9,1.95,105.67,-0.105,15.06,874.0625,91.0,446.94,ESN1,2026-04-27 00:12:06,2026-04-27,00:12:06,2591,11,10.5089999999999,3754.98,0.1006,1.7420000000000044,7.033999999999978,0.0581999999999993,1,0
ESN1,CRUISE,A320neo,LEAP-1A,LEAP-1A26,2023-09-01 23:00:00,2582.0,17.2754,2581.0,96.3,3.5,-1.62,86.9,1.75,102.32,-0.02,5.42,765.7125,271.0,188.19,ESN1,2026-04-27 00:35:15,2026-04-27,00:35:15,2591,11,39.78689024390246,278.1707317073169,2.191463414634157,7.17073170731706,10.06341463414634,0.2965853658536588,1,0
ESN1,CRUISE,A320neo,LEAP-1A,LEAP-1A26,2023-09-01 23:00:00,2582.0,14.233,2126.0,79.8,2.6,-1.445,89.5,1.3,98.37,-0.025,4.73,695.775,253.0,160.94,ESN1,2026-04-27 03:34:31,2026-04-27,03:34:31,2591,11,-30.150609756097538,-176.82926829268308,-1.7585365853658317,-9.32926829268294,12.663414634146337,-0.3934146341463407,1,0
ESN1,TAKEOFF,A320neo,LEAP-1A,LEAP-1A26,2023-09-01 23:00:00,2582.0,,7998.0,77.4,1.7,-4.63,100.3,1.1,105.74,-0.105,14.79,893.4875,102.0,521.03,ESN1,2026-04-27 06:31:13,2026-04-27,06:31:13,2592,10,29.933999999999852,5061.98,0.1705999999999932,-8.85799999999999,11.433999999999967,-0.211800000000002,1,0
ESN1,TAKEOFF,A320neo,LEAP-1A,LEAP-1A26,2023-09-01 23:00:00,2583.0,,6678.0,77.4,2.15,-5.0,105.8,-3.45,105.16,-0.075,15.22,868.3125,91.0,447.82,ESN1,2026-04-27 22:42:12,2026-04-27,22:42:12,2593,9,4.758999999999901,3741.98,-0.4094000000000051,-8.85799999999999,16.93399999999997,0.2181999999999995,1,0
ESN1,CRUISE,A320neo,LEAP-1A,LEAP-1A26,2023-09-01 23:00:00,2584.0,16.5045,2401.0,91.0,2.55,-1.425,87.4,2.2,100.39,-0.025,4.94,737.05,258.0,177.2,ESN1,2026-04-27 23:32:52,2026-04-27,23:32:52,2593,9,11.12439024390244,98.17073170731692,0.2614634146341643,1.8707317073170628,10.56341463414634,-0.1834146341463407,1,0
ESN1,TAKEOFF,A320neo,LEAP-1A,LEAP-1A26,2023-09-01 23:00:00,2584.0,,6396.0,72.9,1.25,-2.93,99.7,1.15,102.71,-0.055,14.94,816.6625,92.0,444.23,ESN1,2026-04-28 05:13:00,2026-04-28,05:13:00,2594,8,-46.89100000000008,3459.98,-2.859400000000008,-13.35799999999999,10.833999999999977,-0.0618000000000016,1,0
ESN1,TAKEOFF,A320neo,LEAP-1A,LEAP-1A26,2023-09-01 23:00:00,2585.0,,7077.0,80.2,1.85,-3.675,105.6,1.25,106.07,-0.09,15.12,888.8875,95.0,465.97,ESN1,2026-04-28 23:07:54,2026-04-28,23:07:54,2595,7,25.333999999999943,4140.98,0.5005999999999915,-6.057999999999993,16.733999999999966,0.118199999999998,1,0
ESN1,CRUISE,A320neo,LEAP-1A,LEAP-1A26,2023-09-01 23:00:00,2586.0,9.5852,2393.0,99.3,2.9,-1.44,85.8,2.6,102.14,-0.01,4.97,764.0625,260.0,174.57,ESN1,2026-04-28 23:35:14,2026-04-28,23:35:14,2595,7,38.136890243902485,90.17073170731692,2.0114634146341643,10.17073170731706,8.963414634146332,-0.1534146341463413,1,0
ESN1,CRUISE,A320neo,LEAP-1A,LEAP-1A26,2023-09-01 23:00:00,2586.0,19.9805,2301.0,80.5,2.45,-1.43,91.2,1.65,99.79,-0.02,4.77,727.1375,255.0,170.48,ESN1,2026-04-29 04:07:23,2026-04-29,04:07:23,2595,7,1.2118902439025303,-1.829268292683082,-0.33853658536583,-8.629268292682937,14.363414634146338,-0.3534146341463415,1,0
ESN1,TAKEOFF,A320neo,LEAP-1A,LEAP-1A26,2023-09-01 23:00:00,2586.0,,6657.0,90.1,2.4,-3.775,94.2,2.25,105.78,-0.065,14.26,880.9,91.0,440.31,ESN1,2026-04-29 06:14:26,2026-04-29,06:14:26,2596,6,17.346499999999878,3720.98,0.2105999999999994,3.841999999999999,5.333999999999975,-0.7418000000000013,1,0
ESN1,TAKEOFF,A320neo,LEAP-1A,LEAP-1A26,2023-09-01 23:00:00,2587.0,,6759.0,87.3,2.95,-3.85,98.8,1.5,106.33,-0.095,15.08,888.875,91.0,449.18,ESN1,2026-04-29 17:46:00,2026-04-29,17:46:00,2597,5,25.3214999999999,3822.98,0.7605999999999966,1.0420000000000016,9.933999999999967,0.0781999999999989,1,0
ESN1,CRUISE,A320neo,LEAP-1A,LEAP-1A26,2023-09-01 23:00:00,2588.0,13.614,2140.0,77.3,2.25,-1.335,91.0,1.55,98.21,-0.02,4.77,693.2125,256.0,162.52,ESN1,2026-04-29 22:39:34,2026-04-29,22:39:34,2597,5,-32.71310975609754,-162.82926829268308,-1.9185365853658425,-11.82926829268294,14.163414634146337,-0.3534146341463415,1,0
ESN1,TAKEOFF,A320neo,LEAP-1A,LEAP-1A26,2023-09-01 23:00:00,2588.0,,7153.0,75.3,2.3,-3.96,102.6,1.25,105.58,-0.09,14.6,879.9125,91.0,472.32,ESN1,2026-04-30 00:52:07,2026-04-30,00:52:07,2598,4,16.358999999999924,4216.98,0.0105999999999966,-10.957999999999998,13.733999999999966,-0.4018000000000015,1,0
ESN1,TAKEOFF,A320neo,LEAP-1A,LEAP-1A26,2023-09-01 23:00:00,2589.0,,6706.0,89.0,1.85,-3.9,98.2,2.0,105.84,-0.095,15.1,881.2125,90.0,445.7,ESN1,2026-04-30 18:05:53,2026-04-30,18:05:53,2599,3,17.658999999999878,3769.98,0.2706000000000017,2.7420000000000044,9.333999999999977,0.0981999999999985,1,0
ESN1,CRUISE,A320neo,LEAP-1A,LEAP-1A26,2023-09-01 23:00:00,2590.0,13.0148,2383.0,96.3,3.05,-1.445,85.4,2.65,100.5,-0.015,4.94,734.5,260.0,176.85,ESN1,2026-04-30 18:31:39,2026-04-30,18:31:39,2599,3,8.574390243902485,80.17073170731692,0.3714634146341637,7.17073170731706,8.56341463414634,-0.1834146341463407,1,0
ESN1,TAKEOFF,A320neo,LEAP-1A,LEAP-1A26,2023-09-01 23:00:00,2590.0,,6842.0,75.8,1.95,-3.665,100.6,1.25,104.87,-0.095,14.69,865.8125,90.0,456.05,ESN1,2026-05-01 00:52:26,2026-05-01,00:52:26,2600,2,2.258999999999901,3905.98,-0.6993999999999971,-10.457999999999998,11.733999999999966,-0.3118000000000016,1,0
ESN1,TAKEOFF,A320neo,LEAP-1A,LEAP-1A26,2023-09-01 23:00:00,2591.0,,7005.0,80.1,2.55,-3.97,106.0,1.15,106.08,-0.1,15.15,890.4875,94.0,461.52,ESN1,2026-05-01 22:32:22,2026-05-01,22:32:22,2601,1,26.933999999999852,4068.98,0.5105999999999966,-6.158000000000001,17.133999999999972,0.1481999999999992,1,0
ESN1,CRUISE,A320neo,LEAP-1A,LEAP-1A26,2023-09-01 23:00:00,2592.0,21.5415,2507.0,85.8,3.05,-1.585,90.5,1.85,100.0,-0.025,5.44,722.9,270.0,187.64,ESN1,2026-05-01 23:52:08,2026-05-01,23:52:08,2601,1,-3.0256097560975377,204.1707317073169,-0.1285365853658362,-3.32926829268294,13.663414634146337,0.3165853658536592,1,0
ESN1,TAKEOFF,A320neo,LEAP-1A,LEAP-1A26,2023-09-01 23:00:00,2592.0,,7393.0,87.9,2.1,-3.89,97.9,1.55,107.48,-0.075,14.12,923.4,92.0,474.76,ESN1,2026-05-02 05:42:46,2026-05-02,05:42:46,2602,0,59.84649999999988,4456.98,1.9106000000000023,1.64200000000001,9.033999999999978,-0.8818000000000019,1,0
